loss,acc,Model
6.400377998,0.38,dense
6.400377998,0.38,incep_v3
1.098612309,0.38,nas
1.22552289,0.38,res
1.085808325,0.38,xcept